RATING;TITLE;SYSTEM;GENRE;YEAR;DEVELOPER;PUBLISHER;FRANCHISE;ENTRY NUMBER;REGION;TEXT;VOICE;FORM;MULTIPLAYER;INFO
;"12Riven: The Psi-Climinal of Integral";"Sony PSP";"Visual Novel";"2009";"KID";"Cyberfront";"Infinity";"Spinoff";"Japan";"Japanese";"Japanese";;"-";
;"7'scarlet";"Sony PS Vita";"Visual Novel";"2018";"Otomate";"Aksys Games";"-";;"Europe";;;;"-";
;"AI: The Somnium Files";"Windows";"Adventure";"2019";"Spike Chunsoft";"Spike Chunsoft";"-";"-";"Europe";"English";"Japanese";;"-";
;"AIR";"Sony PSP";"Visual Novel";"2007";"Key";"Prototype";"-";"-";"Japan";"Japanese";"Japanese";;"-";"Translation available"
;"AIR";"Nintendo Switch";"Visual Novel";"2021";"Key";;"-";"-";"Japan";"Japanese";"Japanese";;;"Translation available"
;"Again: Interactive Crime Novel";"Nintendo DS";"Adventure";"2010";"Cing";"Tecmo";"-";"-";"US";"English";;;;
;"Amnesia: Memories";"Sony PS Vita";"Visual Novel";"2015";"Idea Factory";"Idea Factory";"AMNEƧIA";;"Europe";;;;"-";
;"Another Code: R - A Journey into Lost Memories";"Nintendo Wii";"Adventure";"2009";"Cing";"Nintendo";"Another Code";"2";"Europe";"English";;;;
;"Another Code: Two Memories";"Nintendo DS";"Adventure";"2005";"Cing";"Nintendo";"Another Code";"1";"Europe";"English";;;;
;"Asura's Wrath";"Sony PS3";"Action";"2012";"CyberConnect2";"Capcom";"-";;"Europe";;;;"-";
;"Bayonetta";"Sony PS3";"Action";"2009";"PlatinumGames";"Sega";"Bayonetta";"1";"Europe";"English";"English";;;
;"CLANNAD";"Windows";"Visual Novel";"2004";"Key";"Sekai Project";"-";"-";"Europe";"English";"English";"Steam";"-";
;"CLANNAD";"Nintendo Switch";"Visual Novel";"2019";"Key";"PROTOTYPE";"-";"-";"Europe";"English";"Japanese";"-";"-";
;"CORPSE-PARTY";"NEC PC-9801";"Adventure";"1996";"Team GrisGris";"Kenix Soft";"Corpse Party";"1";"Japan";"Japanese";"Japanese";;"-";
;"Chaos Child";"Sony PS Vita";"Visual Novel";"2017";"5pb.";"PQube";"Science Adventure";"4";"Europe";"English";"Japanese";;"-";
;"Chaos Head";"Windows";"Visual Novel";"2008";"5pb.
Nitroplus";"Nitroplus";"Science Adventure";"1";"Japan";"Japanese";"Japanese";;"-";"Translation available"
;"Code: Realize Guardian of Rebirth";"Sony PS Vita";"Visual Novel";"2015";"Idea Factory";"Aksys Games";"-";;"Europe";;;;"-";
;"Collar X Malice";"Sony PS Vita";"Visual Novel";"2017";"Idea Factory";"Aksys Games";"-";;"Europe";;;;"-";
;"Corpse Party";"Sony PSP";"Adventure";"2011";"Team GrisGris";"XSEED Games";"Corpse Party";"1 (Remake 2)";"US";"English";"Japanese";;"-";
;"Corpse Party";"Nintendo Switch";"Adventure";"2021";"Team GrisGris";"Marvelous Europe";"Corpse Party";"1 (Remake 2)";"Europe";"English";"Japanese";;"-";
;"Corpse Party";"Windows";"Adventure";"2016";"Team GrisGris";"XSEED Games";"Corpse Party";"1 (Remake)";"Europe";"English";"Japanese";"Steam";"-";
;"Corpse Party (2021)";"Windows";"Adventure";"2021";"MAGES.";"XSEED Games";"Corpse Party";"1 (Remake 2)";"Europe";"English";"Japanese";"Steam";"-";
;"Corpse Party 2: Dead Patient";"Windows";"Adventure";"2019";"Grindhouse";"XSEED Games";"Corpse Party";"Spinoff";"Europe";"English";"Japanese";"Steam";"-";
;"Corpse Party: Back to School Edition";"Nintendo 3DS";"Adventure";"2016";"Team GrisGris";"XSEED Games";"Corpse Party";"1 (Remake 2)";"Europe";"English";"Japanese";;"-";
;"Corpse Party: Blood Covered ...Repeated Fear";"Nintendo Switch";"Adventure";"2021";"Team GrisGris";"MAGES.";"Corpse Party";"1 (Remake 2)";"Japan";"English";"Japanese";;;
;"Corpse Party: Blood Drive";"Sony PS Vita";"Adventure";"2015";"Team GrisGris";"XSEED Games";"Corpse Party";"3";"Europe";"English";"Japanese";;"-";
;"Corpse Party: Blood Drive";"Nintendo Switch";"Adventure";"2019";"Team GrisGris";"Marvelous Europe";"Corpse Party";"3 (Remake 2)";"Europe";"English";"Japanese";;"-";
;"Corpse Party: Blood Drive";"Windows";"Adventure";"2019";"MAGES. Inc., 5pb.";"XSEED Games";"Corpse Party";"3 (Rerelease)";"Europe";"English";"Japanese";"Steam";"-";
;"Corpse Party: Book of Shadows";"Sony PSP";"Adventure";"2013";"Team GrisGris";"XSEED Games";"Corpse Party";"2";"US";"English";"Japanese";;"-";
;"Corpse Party: Book of Shadows";"Windows";"Adventure";"2018";"MAGES. Inc., 5pb.";"XSEED Games";"Corpse Party";"2 (Rerelease)";"Europe";"English";"Japanese";;"-";
;"Danganronpa 2 Goodbye Despair";"Sony PS Vita";"Visual Novel";"2014";"Spike Chunsoft";"Spike Chunsoft";"Danganronpa";"2";"Europe";;;;"-";
;"Danganronpa Another Episode Ultra Despair Girls";"Sony PS Vita";"Visual Novel";"2015";"Spike Chunsoft";"Spike Chunsoft";"Danganronpa";"Spinoff";"Europe";;;;"-";
;"Danganronpa V3 Killing Harmony";"Sony PS Vita";"Visual Novel";"2017";"Spike Chunsoft";"Spike Chunsoft";"Danganronpa";"3";"Europe";;;;"-";
;"Danganronpa: Trigger Happy Havoc";"Sony PSP";"Visual Novel";"2010";"Spike";"Spike";"Danganronpa";"1";"Japan";"Japanese";"Japanese";;"-";"Translation available"
;"Danganronpa: Trigger Happy Havoc";"Sony PS Vita";"Visual Novel";"2014";"Spike Chunsoft";"Spike Chunsoft";"Danganronpa";"1 (Rerelease)";"Europe";;;;"-";
;"Disaster Report";"Sony PS2";"Survival";"2003";"Irem";"Agetec";"Zettai Zetsumei Toshi";"1";"Europe";"English";"English";"Physical";"-";"Undub available"
;"Disaster Report 4 Plus: Summer Memories";"Sony PS4";"Survival";"2020";"Granzella";"NIS America";"Zettai Zetsumei Toshi";"4";"Europe";"English";"Japanese";;"-";
;"Disaster Report 4 Plus: Summer Memories";"Nintendo Switch";"Survival";"2020";"Granzella";"NIS America";"Zettai Zetsumei Toshi";"4";"Europe";"English";"Japanese";;"-";
;"Disaster Report 4 Plus: Summer Memories";"Windows";"Survival";"2020";"Granzella";"NIS America";"Zettai Zetsumei Toshi";"4";"Europe";"English";"Japanese";;"-";
;"Ever17: The Out of Infinity";"Sony PSP";"Visual Novel";"2002";"KID";"Cyberfront";"Infinity";"2";"Japan";"Japanese";"Japanese";;"-";"Translation available"
;"Final Fantasy X HD Remaster";"Sony PS Vita";"RPG";"2013";"Square Enix
Virtuos";"Square Enix";"Final Fantasy";"10 (Remaster)";"Europe";"English";"English";"Physical & Digital";"-";"Undub available"
;"Final Fantasy X-2";"Sony PS2";"RPG";"2003";"Square Enix";"Square Enix";"Final Fantasy";"10-2";"US";"English";"English";;"-";"Undub available"
;"Final Fantasy X-2 HD Remaster";"Sony PS Vita";"RPG";"2013";"Square Enix
Virtuos";"Square Enix";"Final Fantasy";"10-2 (Remaster)";"Europe";"English";"English";"Physical & Digital";"-";"Undub available"
;"Final Fantasy X: International";"Sony PS2";"RPG";"2002";"Square Enix";"Square Enix";"Final Fantasy";"10 (Rerelease)";"Japan";"English";"English";;"-";"Undub available"
;"Final Fantasy XII";"Sony PS2";"RPG";"2006";"Square Enix";"Square Enix";"Final Fantasy";"12";"US";"English";"English";"Physical";"-";"Undub available"
;"Final Fantasy XIII";"Sony PS3";"RPG";"2010";"Square Enix";"Square Enix";"Final Fantasy";"13";"Asia";"English";"Japanese";;"-";
;"Final Fantasy XIII-2";"Sony PS3";"RPG";"2012";"Square Enix";"Square Enix";"Final Fantasy";"13-2";"Asia";"English";"Japanese";;"-";
;"Ghost Trick: Phantom Detective";"Nintendo DS";"Adventure";"2011";"Capcom";"Capcom";"-";"-";"Europe";"English";;;;
;"Higurashi no Naku Koro ni Hou";"Switch";"Visual Novel";"2018";"07th Expansion";"ENTERGRAM";"When they cry";"1 & 2 (Remake)";"Japan";"Japanese";"Japanese";;;"Translation available"
;"Hotel Dusk: Room 215";"Nintendo DS";"Adventure";"2007";"Cing";"Nintendo";"-";"-";"Europe";"English";;;;
;"JoJo's Bizarre Adventure: All Star Battle";"Sony PS3";"Fighting Game";"2014";"CyberConnect2";"Namco Bandai";"Jojo's Bizarre Adventure";"-";"Europe";"English";"Japanese";"Physical & Digital";"2P VS";
;"Kanon";"Windows";"Visual Novel";"1999";"Key";"Visual Arts";"-";"-";"Japan";"Japanese";"Japanese";;"-";"Translation Available"
;"Last Window: The Secret of Cape West";"Nintendo DS";"Adventure";"2010";"Cing";"Nintendo";"-";"-";"Europe";"English";;;;
;"LifeSigns: Surgical Unit";"Nintendo DS";"Adventure";"2008";"Spike";"JoWooD Productions";"-";"-";"Europe";"English";;;;
;"Lightning Returns: Final Fantasy XIII";"Sony PS3";"RPG";"2014";"Square Enix";"Square Enix";"Final Fantasy";"13-3";"Europe";"English";"English";;"-";"Undub available as DLC"
;"Lux Pain";"Nintendo DS";"Adventure";"2009";"Killaware";"Rising Star Games";"-";"-";"Europe";"English";;;;
;"Never7: The End of Infinity";"Sony PSP";"Visual Novel";"2009";"KID";"Cyberfront";"Infinity";"1";"Japan";"Japanese";"Japanese";;"-";"Translation available"
;"Nine Hours, Nine Persons, Nine Doors";"Nintendo DS";"Adventure";"2010";"Chunsoft";"Aksys Games";"Zero Escape";"1";"Europe";"English";"Japanese";;"-";
;"Norn9: Var Commons";"Sony PS Vita";"Visual Novel";"2015";"Otomate";"Idea Factory";"Norn9";"-";"Europe";;;;"-";
;"Persona 2: Eternal Punishment";"Sony PS1";"RPG";"2000";"Atlus";"Atlus USA";"Megami Tensei: Persona";"2-2";"US";"English";"English";;;"Undub Available"
;"Persona 2: Eternal Punishment";"Sony PSP";"RPG";"2012";"Atlus";"Atlus";"Megami Tensei: Persona";"2-2 (Remake)";"Japan";"Japanese";"Japanese";;;"Translation ongoing"
;"Persona 2: Tsumi - Innocent Sin";"Sony PS1";"RPG";"1999";"Atlus";"Atlus";"Megami Tensei: Persona";"2";"Japan";"Japanese";"Japanese";;;"Translation available"
;"Persona 5";"Sony PS3";"RPG";"2017";"Atlus";"Deep Silver";"Megami Tensei: Persona";"5";"Europe";"English";"English";;;"Undub available as DLC"
;"Persona 5 Royal";"Sony PS4";"RPG";"2020";"Atlus";"Sega";"Megami Tensei: Persona";"5 (Rerelease)";"Europe";"English";"English";;;"Undub available as DLC"
;"Raw Danger!";"Sony PS2";"Survival";"2007";"Item";"505 Games";"Zettai Zetsumei Toshi";"2";"Europe";"English";"English";"Physical";"-";"Undub available"
;"Remember11: The Age of Infinity";"Sony PSP";"Visual Novel";"2009";"KID";"Cyberfront";"Infinity";"3";"Japan";"Japanese";"Japanese";;"-";"Translation avaiable"
;"Revelations: Persona";"Sony PS1";"RPG";"1996";"Atlus";"Atlus USA";"Megami Tensei: Persona";"1";"US";"English";;;;
;"Robotics Notes DaSH";"Nintendo Switch";"Visual Novel";"2020";"Mages";"Spike Chunsoft";"Science Adventure";"3 Spinoff";"Europe";"English";"Japanese";;"-";
;"Robotics Notes Elite";"Nintendo Switch";"Visual Novel";"2020";"5pb.";"Numskull Games";"Science Adventure";"3 (Rerelease)";"Europe";"English";"Japanese";;"-";
;"Shin Megami Tensei: Persona";"Sony PSP";"RPG";"2009";"Atlus";"Atlus USA";"Megami Tensei: Persona";"1 (Remake)";"US";"English";"English";;;"Undub Available"
;"Shin Megami Tensei: Persona 2 - Innocent Sin";"Sony PSP";"RPG";"2011";"Atlus";"Atlus USA";"Megami Tensei: Persona";"2 (Remake)";"US";"English";"English";;;"Undub available"
;"Shin Megami Tensei: Persona 3";"Sony PS2";"RPG";"2007";"Atlus";"Atlus USA";"Megami Tensei: Persona";"3 (Rerelease)";"US";"English";"English";;;"Undub available"
;"Shin Megami Tensei: Persona 3 Portable";"Sony PSP";"RPG";"2010";"Atlus";"Atlus USA";"Megami Tensei: Persona";"3 (Rerelease)";"US";"English";"English";;;"Undub available"
;"Shin Megami Tensei: Persona 4";"Sony PS2";"RPG";"2008";"Atlus";"Atlus USA";"Megami Tensei: Persona";"4";"US";"English";"English";;;"Undub available"
;"Shin Megami Tensei: Persona 4 Golden";"Sony PS Vita";"RPG";"2012";"Atlus";"Atlus USA";"Megami Tensei: Persona";"4 (Rerelease)";"US";"English";"English";;;"Undub available"
;"Steins Gate";"Sony PS Vita";"Visual Novel";"2013";"5pb.
Nitroplus";"PQube";"Science Adventure";"2";"Europe";"English";"Japanese";;"-";
;"Steins Gate";"Sony PSP";"Visual Novel";"2011";"5pb.
Nitroplus";"Kadokawa Shoten";"Science Adventure";"2";"Japan";"Japanese";"Japanese";;"-";"Translation available"
;"Steins Gate 0";"Sony PS Vita";"Visual Novel";"2016";"5pb.";"PQube";"Science Adventure";"2 Spinoff 2";"Europe";"English";"Japanese";;"-";
;"Steins Gate: Linear Bounded Phenogram";"Sony PS Vita";"Visual Novel";"2013";"5pb.";"Spike Chunsoft";"Science Adventure";"2 Spinoff 1";"Japan";"Japanese";"Japanese";;"-";"Translation available"
;"Time Hollow";"Nintendo DS";"Adventure";"2008";"Tenky";"Konami";"-";"-";"Europe";"English";;"-";"-";
;"TimeSplitters 2";"Xbox";;;;;;;;;;;;
;"Tokyo Jungle";"Sony PS3";"Survival";"2012";"Crispy's!
Japan Studio";"Sony";"-";"-";"Europe";"English";;"Digital";"-";
;"Turok Evolution";"Xbox";;;;;;;;;;;;
;"Umineko no Naku Koro ni Saku ～猫箱と夢想の交響曲～";"Nintendo Switch";"Visual Novel";"2021";"07th Expansion";"Entergram";"When they cry";"3 & 4 (Remake)";"Japan";"Japanese";"Japanese";;;"Translation available"
"5";"Warcraft II: Beyond the Dark Portal";"Windows";"RTS";"1996";"Blizzard";"Blizzard";"Warcraft";"2 (Expansion)";"Europe";"English";"English";;;
"5";"Warcraft II: Tides of Darkness";"Windows";"RTS";"1996";"Blizzard";"Blizzard";"Warcraft";"2";"Europe";"English";"English";;"Online";
"5";"Warcraft: Orcs & Humans";"MS-DOS";"RTS";"1995";"Blizzard";"Blizzard";"Warcraft";"1";"Europe";"English";"English";"Physical: CD";"LAN";
;"Yager";"Xbox";;;;;;;;;;;;
;"Zero Escape: The Nonary Games";"Windows";"Adventure";"2017";"Spike Chunsoft";"Spike Chunsoft";"Zero Escape";"1 & 2";"Europe";"English";"Japanese";;"-";
;"Zero Escape: Virtue's Last Reward";"Sony PS Vita";"Adventure";"2012";"Chunsoft";"Rising Star Games";"Zero Escape";"2";"Europe";"English";"Japanese";;"-";
;"Zero Escape: Virtue's Last Reward";"Nintendo 3DS";"Adventure";"2012";"Chunsoft";"Rising Star Games";"Zero Escape";"2";"Europe";"English";"Japanese";;"-";
;"Zero Escape: Zero Time Dilemma";"Sony PS Vita";"Adventure";"2016";"Chime";"Aksys Games";"Zero Escape";"3";"Europe";"English";"Japanese";;;
;"Zero Escape: Zero Time Dilemma";"Nintendo 3DS";"Adventure";"2016";"Chime";"Rising Star Games";"Zero Escape";"3";"Europe";"English";"Japanese";;"-";
;"Zero Escape: Zero Time Dilemma";"Windows";"Adventure";"2016";"Spike Chunsoft";"Spike Chunsoft";"Zero Escape";"3";"Europe";"English";"Japanese";;"-";
;"Zero Espace: The Nonary Games";"Sony PS Vita";"Adventure";"2017";"Chunsoft";"Aksys Games";"Zero Escape";"1 & 2";"Europe";"English";"Japanese";;"-";
;"Zettai Zetsumei Toshi 3: 壊れゆく街と彼女の歌";"Sony PSP";"Survival";"2009";"Irem";"Irem
Granzella Inc.";"Zettai Zetsumei Toshi";"3";"Japan";"Japanese";"Japanese";;;"Translation ongoing"
;"World's End Club";"Nintendo Switch";"Visual Novel";"2021";"Too Kyo Games
Grounding";"NIS America";"-";"-";"Europe";"English";"?";"-";"-";"-"
;"Hayarigami: Toshi Densetsu Kaii Jiken";"Playstation 2";"Visual Novel";"2004";"Nippon Ichi";"Nippon Ichi";"Hayarigami";"1";"Japan";"Japanese";"Japanese";"-";"-";"-"
;"Hayarigami 2: Toshidensetsu Kaii Jiken";"Playstation 2";"Visual Novel";"2007";"Nippon Ichi Software";"Nippon Ichi Software";"Visual Novel";"2";"Japan";"Japanese";"Japanese";"-";"-";"-"
;"Hayarigami 3: Toshidensetsu Kaii Jiken";"Sony PSP";"Visual Novel";"2009";"Nippon Ichi Software Inc.";"Nippon Ichi Software Inc.";"Hayarigami";"3";"Japan";"Japanese";"Japanese";"-";"-";"-"
;"Shin Hayarigami";"Sony PS Vita";"Visual Novel";"2014";"Nippon Ichi Software Inc.";"Nippon Ichi Software Inc.";"Hayarigami";"Reboot 1";"Japan";"Japanese";"Japanese";"-";"-";"Translation ongoing"
;"Shin Hayarigami 2";"Sony PS Vita";"Visual Novel";"2016";"Nippon Ichi Software Inc.";"Nippon Ichi Software Inc.";"Hayarigami";"Reboot 2";"Japan";"Japanese";"Japanese";"-";"-";"Translation ongoing"
;"Shin Hayarigami 3";"Nintendo Switch";"Visual Novel";"2021";"Nippon Ichi Software Inc.";"Nippon Ichi Software Inc.";"Hayarigami";"Reboot 3";"Japan";"Japanese";"Japanese";"-";"-";"-"